id,name,price
1,Confiture Fraise Nutella,"0,00 €"
2,Miel Banane,"0,00 €"
3,Nutella Banane,"0,00 €"
4,Confiture Fraise Banane,"0,00 €"
5,Sucre Beurre,"0,00 €"
6,Miel,"0,00 €"
7,Nutella,"0,00 €"
8,Confiture Fraise,"0,00 €"
9,Banane,"0,00 €"
10,Sucre,"0,00 €"
11,Pate Uniquement,"0,00 €"
12,Emmental Raclette,"0,00 €"
13,Emmental Raclette Oeuf,"0,00 €"
14,Oeuf,"0,00 €"
15,Raclette,"0,00 €"
16,Emmental,"0,00 €"
17,Raclette Oeuf,"0,00 €"
18,Emmental Oeuf,"0,00 €"
19,Jambon Emmental Raclette,"0,00 €"
20,Jambon Emmental Raclette Oeuf,"0,00 €"
21,Jambon Oeuf,"0,00 €"
22,Jambon Raclette,"0,00 €"
23,Jambon Emmental,"0,00 €"
24,Jambon Raclette Oeuf,"0,00 €"
25,Jambon Emmental Oeuf,"0,00 €"
26,Poulet Emmental Raclette,"0,00 €"
27,Poulet Emmental Raclette Oeuf,"0,00 €"
28,Poulet Oeuf,"0,00 €"
29,Poulet Raclette,"0,00 €"
30,Poulet Emmental,"0,00 €"
31,Poulet Raclette Oeuf,"0,00 €"
32,Poulet Emmental Oeuf,"0,00 €"
33,Jambon Poulet Emmental Raclette,"0,00 €"
34,Jambon Poulet Emmental Raclette Oeuf,"0,00 €"
35,Jambon Poulet Oeuf,"0,00 €"
36,Jambon Poulet Raclette,"0,00 €"
37,Jambon Poulet Emmental,"0,00 €"
38,Jambon Poulet Raclette Oeuf,"0,00 €"
39,Jambon Poulet Emmental Oeuf,"0,00 €"
41,False#5053_2,"0,00 €"
42,Jules.#7341_3,"0,00 €"
43,Yann#3290_4,"0,00 €"
44,Jules.#7341_6,"0,00 €"
45,Pierrick360#1688_5,"0,00 €"
46,Jules.#7341_6,"0,00 €"
47,Pierrick360#1688_5,"0,00 €"
40,Ethiryn - Glarilak#9175_1,"0,00 €"
48,False#5053_7,"0,00 €"
49,Pierrick360#1688_8,"0,00 €"
50,Ethiryn - Glarilak#9175_1,"0,00 €"
51,ShinysArc#0001_9,"0,00 €"
52,Ramy#7380_10,"0,00 €"
53,Ramy#7380_11,"0,00 €"
55,Ramy#7380_13,"0,00 €"
54,philetheo#4610_12,"0,00 €"
56,Ethiryn - Glarilak#9175_1,"0,00 €"
57,Az2Poivron#6969_14,"0,00 €"
85,Idotno#3865_41,"0,00 €"
59,julioz#2502_15,"0,00 €"
61,julioz#2502_19,"0,00 €"
63,Ethiryn - Glarilak#9175_1,"0,00 €"
60,Axiome#5441_18,"0,00 €"
65,julioz#2502_21,"0,00 €"
62,Félix Houdouin#5186_17,"0,00 €"
58,False#5053_16,"0,00 €"
64,Darknew#4170_20,"0,00 €"
66,Axiome#5441_22,"0,00 €"
67,Fairy_Demon#6102_24,"0,00 €"
68,julioz#2502_23,"0,00 €"
71,julioz#2502_27,"0,00 €"
69,Darknew#4170_25,"0,00 €"
70,Oes#6097_26,"0,00 €"
72,Axiome#5441_28,"0,00 €"
73,julioz#2502_29,"0,00 €"
74,Az2Poivron#6969_30,"0,00 €"
76,LeSeulArtichaut#1737_32,"0,00 €"
75,El Laggron#0260_31,"0,00 €"
77,Redriel#3335_33,"0,00 €"
78,Idotno#3865_34,"0,00 €"
79,Darknew#4170_35,"0,00 €"
80,Idotno#3865_36,"0,00 €"
81,Idotno#3865_37,"0,00 €"
82,Idotno#3865_38,"0,00 €"
84,Idotno#3865_40,"0,00 €"
86,Idotno#3865_42,"0,00 €"
83,False#5053_39,"0,00 €"
87,Kolowy#6639_43,"0,00 €"
88,Félix Houdouin#5186_44,"0,00 €"
89,Az2Poivron#6969_45,"0,00 €"
90,julioz#2502_46,"0,00 €"
91,Axiome#5441_47,"0,00 €"
92,nathanchevalier#1483_48,"0,00 €"
93,nathanchevalier#1483_49,"0,00 €"
94,LeSeulArtichaut#1737_50,"0,00 €"
95,philetheo#4610_51,"0,00 €"
96,Adridri#7735_52,"0,00 €"
97,julioz#2502_53,"0,00 €"
98,julioz#2502_55,"0,00 €"
102,soyouzpanda#8393_58,"0,00 €"
101,Fairy_Demon#6102_57,"0,00 €"
103,soyouzpanda#8393_59,"0,00 €"
100,Fant0min#5234_56,"0,00 €"
104,Fant0min#5234_60,"0,00 €"
106,Fairy_Demon#6102_62,"0,00 €"
105,LeSeulArtichaut#1737_61,"0,00 €"
107,Pierrick360#1688_65,"0,00 €"
109,Kolowy#6639_66,"0,00 €"
108,Hldgo#1446_64,"0,00 €"
110,SKYWy#9784_67,"0,00 €"
111,blaas#4403_68,"0,00 €"
99,Ethiryn - Glarilak#9175_1,"0,00 €"
113,Adridri#7735_69,"0,00 €"
112,Ethiryn - Glarilak#9175_1,"0,00 €"
115,Ethiryn - Glarilak#9175_70,"0,00 €"
114,Ethiryn - Glarilak#9175_70,"0,00 €"
116,Ethiryn - Glarilak#9175_70,"0,00 €"
117,Redriel#3335_71,"0,00 €"
118,Fant0min#5234_72,"0,00 €"
119,aurelR#0461_73,"0,00 €"
120,Sickaelle#3994_74,"0,00 €"
121,aurelR#0461_75,"0,00 €"
122,Ayzon#6588_76,"0,00 €"
123,Sickaelle#3994_77,"0,00 €"
124,Hldgo#1446_78,"0,00 €"
125,Sickaelle#3994_79,"0,00 €"
126,Ethiryn - Glarilak#9175_70,"0,00 €"
127,Sickaelle#3994_81,"0,00 €"
128,Sickaelle#3994_82,"0,00 €"
129,Swarwerth#2943_83,"0,00 €"
130,70,"0,00 €"
131,70,"0,00 €"
132,70,"0,00 €"
133,70,"0,00 €"
134,70,"0,00 €"
135,70,"0,00 €"
136,70,"0,00 €"
137,70,"0,00 €"
138,70,"0,00 €"
139,70,"0,00 €"
140,70,"0,00 €"
141,70,"0,00 €"
